SKU,Action_Needed,Notes
70040,Set to zero or remove,Not found in Nalpac catalog
49064,Set to zero or remove,Not found in Nalpac catalog
62586,Set to zero or remove,Not found in Nalpac catalog
67866,Set to zero or remove,Not found in Nalpac catalog
42207,Set to zero or remove,Not found in Nalpac catalog
76750,Set to zero or remove,Not found in Nalpac catalog
49088,Set to zero or remove,Not found in Nalpac catalog
42210,Set to zero or remove,Not found in Nalpac catalog
49076,Set to zero or remove,Not found in Nalpac catalog
82483,Set to zero or remove,Not found in Nalpac catalog
66931,Set to zero or remove,Not found in Nalpac catalog
62590,Set to zero or remove,Not found in Nalpac catalog
62578,Set to zero or remove,Not found in Nalpac catalog
80917,Set to zero or remove,Not found in Nalpac catalog
40441,Set to zero or remove,Not found in Nalpac catalog
32230,Set to zero or remove,Not found in Nalpac catalog
32693,Set to zero or remove,Not found in Nalpac catalog
41038,Set to zero or remove,Not found in Nalpac catalog
32620,Set to zero or remove,Not found in Nalpac catalog
62582,Set to zero or remove,Not found in Nalpac catalog
62575,Set to zero or remove,Not found in Nalpac catalog
44744,Set to zero or remove,Not found in Nalpac catalog
44785,Set to zero or remove,Not found in Nalpac catalog
76950,Set to zero or remove,Not found in Nalpac catalog
80908,Set to zero or remove,Not found in Nalpac catalog
76957,Set to zero or remove,Not found in Nalpac catalog
88559,Set to zero or remove,Not found in Nalpac catalog
80907,Set to zero or remove,Not found in Nalpac catalog
80916,Set to zero or remove,Not found in Nalpac catalog
86024,Set to zero or remove,Not found in Nalpac catalog
54479,Set to zero or remove,Not found in Nalpac catalog
76955,Set to zero or remove,Not found in Nalpac catalog
86021,Set to zero or remove,Not found in Nalpac catalog
88557,Set to zero or remove,Not found in Nalpac catalog
A04256,Set to zero or remove,Not found in Nalpac catalog
A04251,Set to zero or remove,Not found in Nalpac catalog
A04255,Set to zero or remove,Not found in Nalpac catalog
32224,Set to zero or remove,Not found in Nalpac catalog
33922,Set to zero or remove,Not found in Nalpac catalog
32238,Set to zero or remove,Not found in Nalpac catalog
PD2955-00,Set to zero or remove,Not found in Nalpac catalog
ELGLAS503,Set to zero or remove,Not found in Nalpac catalog